<?xml version="1.0" encoding="UTF-8"?>
<project-private xmlns="http://www.netbeans.org/ns/project-private/1">
    <editor-bookmarks xmlns="http://www.netbeans.org/ns/editor-bookmarks/2" lastBookmarkId="0"/>
    <open-files xmlns="http://www.netbeans.org/ns/projectui-open-files/2">
        <group>
            <file>file:/C:/xampp/htdocs/zend.local/module/Realty/view/realty/realty/edit.phtml</file>
            <file>file:/C:/xampp/htdocs/zend.local/module/Realty/src/Realty/Form/RealtyFormStep1.php</file>
            <file>file:/C:/xampp/htdocs/zend.local/module/Post/src/Post/Form/PostForm.php</file>
            <file>file:/C:/xampp/htdocs/zend.local/module/Realty/src/Realty/Form/RealtyFormStep2.php</file>
            <file>file:/C:/xampp/htdocs/zend.local/module/Realty/view/realty/realty/edit-step-1.phtml</file>
            <file>file:/C:/xampp/htdocs/zend.local/module/Realty/src/Realty/Form/RealtyForm.php</file>
            <file>file:/C:/xampp/htdocs/zend.local/module/Realty/view/realty/realty/index.phtml</file>
            <file>file:/C:/xampp/htdocs/zend.local/module/Realty/src/Realty/Model/RealtyTable.php</file>
            <file>file:/C:/xampp/htdocs/zend.local/module/Realty/view/realty/realty/edit-step-2.phtml</file>
            <file>file:/C:/xampp/htdocs/zend.local/module/Realty/src/Realty/Model/Realty.php</file>
            <file>file:/C:/xampp/htdocs/zend.local/module/Realty/src/Realty/Controller/RealtyController.php</file>
            <file>file:/C:/xampp/htdocs/zend.local/module/Post/src/Post/Controller/PostController.php</file>
            <file>file:/C:/xampp/htdocs/zend.local/module/Realty/Module.php</file>
        </group>
    </open-files>
</project-private>
